T1_v1_x,T1_v1_y,T1_v1_z,T1_v2_x,T1_v2_y,T1_v2_z,T1_v3_x,T1_v3_y,T1_v3_z,T1_v4_x,T1_v4_y,T1_v4_z,T2_v1_x,T2_v1_y,T2_v1_z,T2_v2_x,T2_v2_y,T2_v2_z,T2_v3_x,T2_v3_y,T2_v3_z,T2_v4_x,T2_v4_y,T2_v4_z,intersection_class,intersection_status
0.251738,0.850991,0.081473,0.641401,0.350386,0.222664,0.28757,0.524859,0.624617,0.210145,0.677842,0.076659,0.954484,0.877835,0.107497,0.697314,0.130292,0.899698,0.309741,0.776764,0.499668,0.339454,0.448232,0.161701,4,"(0.429902,0.454675,0.462927),(0.517157,0.41165,0.363805),(0.478308,0.559914,0.163568),(0.493513,0.540379,0.169078),(0.329466,0.55867,0.27531),(0.42924,0.510948,0.153787),(0.437358,0.516619,0.153072),(0.322897,0.631307,0.350033),(-1,-1,-1),(-1,-1,-1),(-1,-1,-1),(-1,-1,-1),(-1,-1,-1),(-1,-1,-1),(-1,-1,-1),(-1,-1,-1)",1
0.991514,0.769933,0.688994,0.225715,0.36902,0.357406,0.292436,0.810407,0.364365,0.0448619,0.00496888,0.571383,0.626801,0.234967,0.215471,0.213713,0.815058,0.833415,0.30249,0.866796,0.341625,0.304165,0.342487,0.386778,4,"(0.302221,0.409073,0.390533),(0.298868,0.810035,0.367352),(0.453235,0.488132,0.455921),(0.321325,0.808734,0.37778),(0.29745,0.377572,0.419937),(0.281753,0.459578,0.497443),(0.455463,0.475574,0.471778),(0.416856,0.529789,0.529531),(-1,-1,-1),(-1,-1,-1),(-1,-1,-1),(-1,-1,-1),(-1,-1,-1),(-1,-1,-1),(-1,-1,-1),(-1,-1,-1)",1
0.153378,0.600621,0.27703,0.7217,0.948656,0.764901,0.287626,0.994811,0.589326,0.378255,0.431535,0.597203,0.387429,0.34942,0.121748,0.102769,0.914921,0.147694,0.251177,0.0749541,0.00285818,0.130153,0.267641,0.0026947,0,"(-1,-1,-1),(-1,-1,-1),(-1,-1,-1),(-1,-1,-1),(-1,-1,-1),(-1,-1,-1),(-1,-1,-1),(-1,-1,-1),(-1,-1,-1),(-1,-1,-1),(-1,-1,-1),(-1,-1,-1),(-1,-1,-1),(-1,-1,-1),(-1,-1,-1),(-1,-1,-1)",0
0.429675,0.137352,0.295475,0.437203,0.229264,0.801639,0.105466,0.484819,0.626148,0.742824,0.881636,0.805189,0.890683,0.936204,0.986205,0.157799,0.231059,0.399994,0.33865,0.900726,0.545472,0.0382528,0.297204,0.0689767,4,"(0.682699,0.844202,0.7883),(0.715317,0.822919,0.80487),(0.254072,0.325553,0.474579),(0.67318,0.732976,0.80438),(0.621501,0.8061,0.771108),(0.252737,0.326983,0.47594),(0.255462,0.325026,0.478112),(0.649474,0.755388,0.72666),(0.704264,0.79646,0.785615),(0.661488,0.715683,0.802879),(-1,-1,-1),(-1,-1,-1),(-1,-1,-1),(-1,-1,-1),(-1,-1,-1),(-1,-1,-1)",1
0.0578058,0.0196454,0.648569,0.219451,0.6792,0.703475,0.201411,0.927312,0.267819,0.526694,0.659568,0.0341251,0.707034,0.826968,0.680721,0.689622,0.0610679,0.637999,0.954808,0.18245,0.685304,0.598222,0.553853,0.135053,0,"(-1,-1,-1),(-1,-1,-1),(-1,-1,-1),(-1,-1,-1),(-1,-1,-1),(-1,-1,-1),(-1,-1,-1),(-1,-1,-1),(-1,-1,-1),(-1,-1,-1),(-1,-1,-1),(-1,-1,-1),(-1,-1,-1),(-1,-1,-1),(-1,-1,-1),(-1,-1,-1)",0
0.52009,0.259741,0.891788,0.0363154,0.351677,0.97111,0.210507,0.323187,0.31731,0.788726,0.288753,0.397974,0.614307,0.403465,0.906057,0.507971,0.261988,0.161496,0.727947,0.323539,0.89261,0.923532,0.594843,0.16264,4,"(0.628339,0.302166,0.520146),(0.605531,0.304073,0.537519),(0.540763,0.303519,0.363382),(0.596701,0.300188,0.371186),(0.627539,0.295444,0.558894),(0.539639,0.304121,0.383234),(0.538508,0.302616,0.375315),(0.606805,0.289642,0.48998),(-1,-1,-1),(-1,-1,-1),(-1,-1,-1),(-1,-1,-1),(-1,-1,-1),(-1,-1,-1),(-1,-1,-1),(-1,-1,-1)",1
0.210997,0.71098,0.469858,0.0353411,0.775732,0.999511,0.445159,0.260073,0.696739,0.762475,0.528305,0.152059,0.309549,0.263629,0.375318,0.84854,0.73584,0.429075,0.543104,0.439154,0.848985,0.873588,0.177732,0.264534,4,"(0.522127,0.325135,0.564622),(0.635008,0.420556,0.370858),(0.444449,0.365011,0.648905),(0.582286,0.502575,0.40252),(0.42988,0.354062,0.61936),(0.547704,0.472277,0.399071),(-1,-1,-1),(-1,-1,-1),(-1,-1,-1),(-1,-1,-1),(-1,-1,-1),(-1,-1,-1),(-1,-1,-1),(-1,-1,-1),(-1,-1,-1),(-1,-1,-1)",1
0.673896,0.251227,0.70524,0.162058,0.819685,0.181975,0.0566993,0.0324106,0.594362,0.165915,0.138861,0.910655,0.921533,0.428119,0.695676,0.614794,0.773802,0.788062,0.825088,0.456018,0.27625,0.367122,0.291057,0.698244,4,"(0.367122,0.291057,0.698244),(0.542635,0.397007,0.571049),(0.580795,0.354626,0.610061),(0.488794,0.334884,0.586128),(0.373114,0.302736,0.700417),(0.403807,0.300126,0.698074),(-1,-1,-1),(-1,-1,-1),(-1,-1,-1),(-1,-1,-1),(-1,-1,-1),(-1,-1,-1),(-1,-1,-1),(-1,-1,-1),(-1,-1,-1),(-1,-1,-1)",1
0.901052,0.140022,0.364554,0.798958,0.772272,0.107182,0.342058,0.625407,0.294463,0.774649,0.61873,0.0748684,0.392343,0.939093,0.370062,0.9179,0.149241,0.703211,0.54453,0.390432,0.622727,0.610666,0.15584,0.573435,0,"(-1,-1,-1),(-1,-1,-1),(-1,-1,-1),(-1,-1,-1),(-1,-1,-1),(-1,-1,-1),(-1,-1,-1),(-1,-1,-1),(-1,-1,-1),(-1,-1,-1),(-1,-1,-1),(-1,-1,-1),(-1,-1,-1),(-1,-1,-1),(-1,-1,-1),(-1,-1,-1)",0
0.92598,0.661516,0.342341,0.985182,0.137671,0.324096,0.529355,0.966183,0.35188,0.0259227,0.374538,0.334524,0.828739,0.715676,0.224367,0.731158,0.147697,0.125481,0.179708,0.940697,0.905845,0.214996,0.818891,0.971384,4,"(0.654551,0.574972,0.339984),(0.686224,0.585071,0.340259),(0.688638,0.67667,0.342171),(0.705252,0.646472,0.341159),(0.584757,0.358226,0.332655),(0.605774,0.310741,0.330965),(0.713497,0.755631,0.34537),(0.729914,0.732296,0.344653),(0.584996,0.357883,0.332318),(0.605907,0.310567,0.330746),(0.713832,0.755514,0.345018),(0.730245,0.73224,0.344249),(-1,-1,-1),(-1,-1,-1),(-1,-1,-1),(-1,-1,-1)",1
0.516351,0.787266,0.307232,0.594309,0.235302,0.474701,0.322545,0.490889,0.633223,0.699055,0.627513,0.831452,0.299923,0.0120641,0.543173,0.527062,0.863488,0.576784,0.23509,0.160026,0.167204,0.810089,0.967607,0.632671,4,"(0.47075,0.351506,0.546774),(0.582356,0.729553,0.496613),(0.438145,0.382171,0.565793),(0.617533,0.698795,0.597547),(0.460605,0.614374,0.56695),(0.415541,0.445454,0.560282),(0.496992,0.381175,0.577745),(0.621521,0.614418,0.599591),(0.522777,0.564079,0.400088),(0.565667,0.624319,0.434809),(0.44269,0.660206,0.458426),(0.436684,0.645735,0.450001),(-1,-1,-1),(-1,-1,-1),(-1,-1,-1),(-1,-1,-1)",1
0.198488,0.183836,0.0549957,0.383809,0.633813,0.388555,0.525276,0.940853,0.450949,0.964985,0.787172,0.0139077,0.278124,0.774347,0.268369,0.0356374,0.0779768,0.429933,0.879399,0.324651,0.497227,0.875624,0.698567,0.0460791,4,"(0.323119,0.486452,0.27932),(0.364074,0.567422,0.255628),(0.412112,0.678704,0.313833),(0.357214,0.569238,0.340687),(0.80837,0.707097,0.0710996),(0.452725,0.643762,0.334826),(0.778538,0.71088,0.0821981),(0.41018,0.675582,0.318632),(-1,-1,-1),(-1,-1,-1),(-1,-1,-1),(-1,-1,-1),(-1,-1,-1),(-1,-1,-1),(-1,-1,-1),(-1,-1,-1)",1
0.111111,0.449666,0.806106,0.0845684,0.730849,0.995813,0.197895,0.383823,0.564313,0.313447,0.048609,0.373034,0.981827,0.611127,0.780032,0.751952,0.863627,0.735065,0.821726,0.179237,0.431261,0.079219,0.168461,0.667197,0,"(-1,-1,-1),(-1,-1,-1),(-1,-1,-1),(-1,-1,-1),(-1,-1,-1),(-1,-1,-1),(-1,-1,-1),(-1,-1,-1),(-1,-1,-1),(-1,-1,-1),(-1,-1,-1),(-1,-1,-1),(-1,-1,-1),(-1,-1,-1),(-1,-1,-1),(-1,-1,-1)",0
0.296337,0.99405,0.772384,0.672571,0.416212,0.64683,0.0291128,0.758133,0.212815,0.0508638,0.587752,0.132117,0.288749,0.980677,0.0377357,0.528703,0.730839,0.784671,0.693591,0.527833,0.707427,0.458564,0.345956,0.109454,0,"(-1,-1,-1),(-1,-1,-1),(-1,-1,-1),(-1,-1,-1),(-1,-1,-1),(-1,-1,-1),(-1,-1,-1),(-1,-1,-1),(-1,-1,-1),(-1,-1,-1),(-1,-1,-1),(-1,-1,-1),(-1,-1,-1),(-1,-1,-1),(-1,-1,-1),(-1,-1,-1)",0
0.990026,0.468079,0.997931,0.657146,0.725712,0.62663,0.925084,0.758099,0.583108,0.21535,0.94085,0.55805,0.636619,0.553843,0.212989,0.516558,0.651156,0.418874,0.948037,0.643456,0.908797,0.296286,0.46689,0.483351,4,"(0.811505,0.606245,0.798805),(0.794963,0.619048,0.780354),(0.80438,0.604538,0.815022),(0.834437,0.61268,0.834642),(0.838074,0.645418,0.78394),(0.894844,0.628149,0.789947),(0.800972,0.64608,0.741812),(0.886657,0.625793,0.771655),(-1,-1,-1),(-1,-1,-1),(-1,-1,-1),(-1,-1,-1),(-1,-1,-1),(-1,-1,-1),(-1,-1,-1),(-1,-1,-1)",1
0.271437,0.12327,0.753993,0.631387,0.706522,0.321502,0.233729,0.618259,0.189448,0.877322,0.960137,0.88179,0.424538,0.537075,0.389816,0.860399,0.650769,0.850999,0.62374,0.19308,0.388412,0.517856,0.272715,0.611392,4,"(0.424538,0.537075,0.389816),(0.489795,0.47709,0.491629),(0.514569,0.517234,0.461862),(0.425705,0.533769,0.392587),(0.425154,0.536011,0.389812),(0.56294,0.573177,0.536259),(-1,-1,-1),(-1,-1,-1),(-1,-1,-1),(-1,-1,-1),(-1,-1,-1),(-1,-1,-1),(-1,-1,-1),(-1,-1,-1),(-1,-1,-1),(-1,-1,-1)",1
0.0737488,0.908143,0.635537,0.46018,0.372044,0.632653,0.530901,0.312037,0.570602,0.884986,0.137014,0.850719,0.866198,0.0339334,0.450492,0.923932,0.872376,0.540458,0.252805,0.317146,0.0954032,0.892996,0.6834,0.616721,0,"(-1,-1,-1),(-1,-1,-1),(-1,-1,-1),(-1,-1,-1),(-1,-1,-1),(-1,-1,-1),(-1,-1,-1),(-1,-1,-1),(-1,-1,-1),(-1,-1,-1),(-1,-1,-1),(-1,-1,-1),(-1,-1,-1),(-1,-1,-1),(-1,-1,-1),(-1,-1,-1)",0
0.0423475,0.516334,0.969274,0.329944,0.625295,0.838308,0.497541,0.857177,0.472741,0.173589,0.07728,0.690717,0.0284437,0.2861,0.897278,0.398066,0.0512743,0.35588,0.7153,0.163852,0.483945,0.240056,0.221059,0.372761,4,"(0.116523,0.268188,0.811838),(0.222456,0.248558,0.736846),(0.241059,0.23971,0.645319),(0.122855,0.247004,0.798398),(0.215425,0.223912,0.730208),(0.219263,0.187238,0.659985),(-1,-1,-1),(-1,-1,-1),(-1,-1,-1),(-1,-1,-1),(-1,-1,-1),(-1,-1,-1),(-1,-1,-1),(-1,-1,-1),(-1,-1,-1),(-1,-1,-1)",1
0.0569025,0.971928,0.198475,0.451542,0.374524,0.180831,0.113257,0.815824,0.298198,0.785612,0.499821,0.729386,0.914635,0.866377,0.0885024,0.450287,0.24319,0.955917,0.96178,0.558377,0.593999,0.220449,0.259333,0.509117,4,"(0.667916,0.455678,0.536125),(0.739446,0.482506,0.65358),(0.492623,0.497341,0.344204),(0.654697,0.517523,0.574073),(0.481607,0.487708,0.350878),(0.650518,0.511914,0.58188),(-1,-1,-1),(-1,-1,-1),(-1,-1,-1),(-1,-1,-1),(-1,-1,-1),(-1,-1,-1),(-1,-1,-1),(-1,-1,-1),(-1,-1,-1),(-1,-1,-1)",1
0.406079,0.678467,0.559393,0.493992,0.753277,0.999407,0.181798,0.691358,0.0540633,0.74616,0.310872,0.12423,0.922019,0.59634,0.188655,0.0927109,0.376683,0.968522,0.236936,0.585817,0.643792,0.166752,0.0261241,0.0957916,4,"(0.634368,0.431708,0.267276),(0.529127,0.545464,0.401942),(0.61126,0.51403,0.480888),(0.610639,0.513865,0.481472),(0.648021,0.389475,0.154966),(0.648345,0.38972,0.155006),(0.499756,0.589854,0.469187),(0.49587,0.589794,0.471768),(-1,-1,-1),(-1,-1,-1),(-1,-1,-1),(-1,-1,-1),(-1,-1,-1),(-1,-1,-1),(-1,-1,-1),(-1,-1,-1)",1
0.620357,0.167707,0.607234,0.83144,0.389322,0.241488,0.0876823,0.757112,0.332456,0.903625,0.08034,0.0507461,0.81577,0.130278,0.0471695,0.185787,0.782075,0.171539,0.743191,0.683983,0.0686697,0.713216,0.233529,0.773262,4,"(0.703011,0.246737,0.120009),(0.80747,0.160094,0.0839443),(0.320632,0.641918,0.303964),(0.753019,0.428102,0.25108),(0.698613,0.249868,0.471638),(0.752721,0.306675,0.377886),(0.801333,0.144812,0.149378),(0.77973,0.166563,0.302336),(-1,-1,-1),(-1,-1,-1),(-1,-1,-1),(-1,-1,-1),(-1,-1,-1),(-1,-1,-1),(-1,-1,-1),(-1,-1,-1)",1
0.82877,0.0624902,0.986539,0.409541,0.0428518,0.667688,0.660783,0.903849,0.995888,0.780282,0.614874,0.33527,0.519591,0.784725,0.22939,0.952619,0.271709,0.468286,0.58246,0.378371,0.879495,0.791411,0.24891,0.960218,4,"(0.791411,0.24891,0.960218),(0.72331,0.526971,0.386353),(0.719389,0.520922,0.389869),(0.803152,0.35434,0.642444),(0.808397,0.294586,0.712894),(0.779992,0.321452,0.660057),(0.685321,0.314641,0.919233),(0.795199,0.249446,0.948662),(0.650668,0.526346,0.581808),(0.568551,0.468269,0.735672),(0.57988,0.395046,0.852818),(0.597551,0.374023,0.86273),(-1,-1,-1),(-1,-1,-1),(-1,-1,-1),(-1,-1,-1)",1
0.209482,0.0151786,0.271515,0.479732,0.654083,0.0149752,0.0969639,0.363401,0.226525,0.38076,0.284263,0.866023,0.523773,0.299345,0.525728,0.555626,0.612925,0.0113644,0.307472,0.0464635,0.495925,0.816417,0.854781,0.853779,0,"(-1,-1,-1),(-1,-1,-1),(-1,-1,-1),(-1,-1,-1),(-1,-1,-1),(-1,-1,-1),(-1,-1,-1),(-1,-1,-1),(-1,-1,-1),(-1,-1,-1),(-1,-1,-1),(-1,-1,-1),(-1,-1,-1),(-1,-1,-1),(-1,-1,-1),(-1,-1,-1)",0
0.651955,0.598909,0.726263,0.611053,0.903869,0.801974,0.0478848,0.65512,0.427207,0.778457,0.313406,0.183219,0.556268,0.790131,0.461329,0.182792,0.345517,0.356256,0.500953,0.0721848,0.835929,0.620401,0.872752,0.238761,4,"(0.330427,0.522965,0.332847),(0.34097,0.518034,0.329326),(0.35292,0.548051,0.404119),(0.53911,0.567436,0.577524),(0.568219,0.523015,0.499641),(0.385774,0.587162,0.413362),(0.546568,0.664237,0.527016),(0.578097,0.589222,0.450255),(-1,-1,-1),(-1,-1,-1),(-1,-1,-1),(-1,-1,-1),(-1,-1,-1),(-1,-1,-1),(-1,-1,-1),(-1,-1,-1)",1
0.140102,0.313509,0.453002,0.269023,0.798152,0.347884,0.251904,0.809774,0.134979,0.140733,0.401529,0.435216,0.350902,0.199818,0.618588,0.204979,0.849514,0.0233458,0.481647,0.443699,0.412607,0.890646,0.24807,0.64307,0,"(-1,-1,-1),(-1,-1,-1),(-1,-1,-1),(-1,-1,-1),(-1,-1,-1),(-1,-1,-1),(-1,-1,-1),(-1,-1,-1),(-1,-1,-1),(-1,-1,-1),(-1,-1,-1),(-1,-1,-1),(-1,-1,-1),(-1,-1,-1),(-1,-1,-1),(-1,-1,-1)",0
0.601126,0.0212302,0.60832,0.849728,0.538067,0.932953,0.430528,0.852343,0.624462,0.663319,0.773466,0.392573,0.878994,0.0630992,0.968653,0.298819,0.367,0.312817,0.51054,0.258868,0.502856,0.538019,0.606303,0.115556,4,"(0.682694,0.190808,0.714834),(0.625863,0.320437,0.522505),(0.675681,0.176228,0.705677),(0.624155,0.299772,0.528432),(0.58009,0.221915,0.59078),(0.561168,0.229579,0.609379),(0.576867,0.221356,0.627126),(0.661274,0.17878,0.693412),(-1,-1,-1),(-1,-1,-1),(-1,-1,-1),(-1,-1,-1),(-1,-1,-1),(-1,-1,-1),(-1,-1,-1),(-1,-1,-1)",1
0.0438646,0.249514,0.173135,0.37466,0.0322449,0.853664,0.621159,0.670597,0.238762,0.662687,0.104753,0.435496,0.286668,0.385699,0.885592,0.981433,0.32327,0.651437,0.738861,0.732593,0.109654,0.559572,0.80254,0.860686,0,"(-1,-1,-1),(-1,-1,-1),(-1,-1,-1),(-1,-1,-1),(-1,-1,-1),(-1,-1,-1),(-1,-1,-1),(-1,-1,-1),(-1,-1,-1),(-1,-1,-1),(-1,-1,-1),(-1,-1,-1),(-1,-1,-1),(-1,-1,-1),(-1,-1,-1),(-1,-1,-1)",0
0.733337,0.888849,0.161472,0.0879703,0.846306,0.419698,0.656919,0.760663,0.689697,0.822214,0.692941,0.372582,0.999879,0.88653,0.0881964,0.773759,0.777988,0.15359,0.601288,0.148858,0.44071,0.565395,0.585991,0.141114,0,"(-1,-1,-1),(-1,-1,-1),(-1,-1,-1),(-1,-1,-1),(-1,-1,-1),(-1,-1,-1),(-1,-1,-1),(-1,-1,-1),(-1,-1,-1),(-1,-1,-1),(-1,-1,-1),(-1,-1,-1),(-1,-1,-1),(-1,-1,-1),(-1,-1,-1),(-1,-1,-1)",0
0.914741,0.873331,0.146318,0.952695,0.166808,0.702495,0.138133,0.923764,0.616988,0.303753,0.77194,0.609844,0.0226172,0.771121,0.4194,0.198484,0.166098,0.450953,0.413516,0.767723,0.970952,0.215088,0.199175,0.254784,0,"(-1,-1,-1),(-1,-1,-1),(-1,-1,-1),(-1,-1,-1),(-1,-1,-1),(-1,-1,-1),(-1,-1,-1),(-1,-1,-1),(-1,-1,-1),(-1,-1,-1),(-1,-1,-1),(-1,-1,-1),(-1,-1,-1),(-1,-1,-1),(-1,-1,-1),(-1,-1,-1)",0
0.210543,0.459851,0.567731,0.516132,0.482845,0.0766004,0.967578,0.790066,0.587668,0.120846,0.984387,0.568926,0.361006,0.592192,0.132142,0.0266486,0.661109,0.186059,0.582698,0.983606,0.844812,0.353083,0.520918,0.00741535,4,"(0.376494,0.660019,0.250518),(0.377482,0.658765,0.249288),(0.238195,0.783802,0.436679),(0.401799,0.664215,0.263279),(0.353749,0.85082,0.573575),(0.509304,0.835713,0.577148),(0.499364,0.836473,0.576919),(0.427896,0.67167,0.280254),(-1,-1,-1),(-1,-1,-1),(-1,-1,-1),(-1,-1,-1),(-1,-1,-1),(-1,-1,-1),(-1,-1,-1),(-1,-1,-1)",1
0.268388,0.718939,0.469057,0.806936,0.158257,0.295253,0.342897,0.0660977,0.452283,0.8231,0.738938,0.352039,0.756979,0.6097,0.202973,0.613687,0.509958,0.87455,0.0824833,0.0360966,0.406475,0.644826,0.246165,0.934255,4,"(0.568648,0.406339,0.372155),(0.327908,0.19743,0.455658),(0.587812,0.409263,0.401156),(0.543708,0.432304,0.380204),(0.322529,0.244559,0.456869),(0.700611,0.567312,0.377609),(0.724003,0.586747,0.357522),(0.734418,0.536571,0.350079),(0.720876,0.58457,0.372178),(0.732566,0.53057,0.36215),(-1,-1,-1),(-1,-1,-1),(-1,-1,-1),(-1,-1,-1),(-1,-1,-1),(-1,-1,-1)",1
0.535402,0.816072,0.0815024,0.837635,0.880859,0.0105732,0.0146308,0.641449,0.55361,0.163315,0.485033,0.468522,0.509949,0.387878,0.141043,0.811208,0.549019,0.119236,0.681256,0.298179,0.0222516,0.997211,0.573173,0.576726,0,"(-1,-1,-1),(-1,-1,-1),(-1,-1,-1),(-1,-1,-1),(-1,-1,-1),(-1,-1,-1),(-1,-1,-1),(-1,-1,-1),(-1,-1,-1),(-1,-1,-1),(-1,-1,-1),(-1,-1,-1),(-1,-1,-1),(-1,-1,-1),(-1,-1,-1),(-1,-1,-1)",0
0.176077,0.596848,0.0454861,0.916154,0.132335,0.286409,0.627088,0.148474,0.706411,0.00980525,0.837124,0.974072,0.103359,0.160719,0.800129,0.805076,0.814926,0.406165,0.842863,0.609109,0.0789556,0.99689,0.939908,0.390122,4,"(0.471617,0.478013,0.623687),(0.467113,0.481516,0.627104),(0.520233,0.413486,0.393588),(0.453655,0.487299,0.603463),(0.386632,0.407743,0.670146),(0.424153,0.355229,0.487287),(0.377426,0.41623,0.64626),(0.465704,0.476696,0.633863),(-1,-1,-1),(-1,-1,-1),(-1,-1,-1),(-1,-1,-1),(-1,-1,-1),(-1,-1,-1),(-1,-1,-1),(-1,-1,-1)",1
0.136265,0.892758,0.0191107,0.318549,0.323436,0.758366,0.0618227,0.245464,0.133396,0.325893,0.973498,0.628574,0.635217,0.760077,0.835147,0.313352,0.71172,0.928711,0.243519,0.280345,0.105641,0.0190151,0.516529,0.347729,4,"(0.32235,0.659868,0.691194),(0.124771,0.41901,0.251435),(0.123018,0.414178,0.248149),(0.32169,0.601468,0.702854),(0.244786,0.553817,0.45922),(0.259988,0.506337,0.520871),(0.25525,0.609899,0.534592),(0.277463,0.618678,0.552162),(0.119784,0.410517,0.239067),(0.128046,0.401825,0.230158),(0.285208,0.537866,0.596996),(0.287922,0.554633,0.628987),(-1,-1,-1),(-1,-1,-1),(-1,-1,-1),(-1,-1,-1)",1
0.184918,0.836316,0.979748,0.942565,0.0838005,0.670714,0.899783,0.789291,0.65289,0.566883,0.821758,0.652091,0.67773,0.631983,0.672136,0.879414,0.587448,0.0702641,0.466757,0.282791,0.373282,0.546658,0.419638,0.014805,4,"(0.67773,0.631983,0.672136),(0.669993,0.619217,0.657202),(0.670564,0.618096,0.65723),(0.668705,0.617046,0.659352),(0.674712,0.627095,0.657003),(0.682833,0.630857,0.656907),(-1,-1,-1),(-1,-1,-1),(-1,-1,-1),(-1,-1,-1),(-1,-1,-1),(-1,-1,-1),(-1,-1,-1),(-1,-1,-1),(-1,-1,-1),(-1,-1,-1)",1
0.438062,0.315179,0.674157,0.347736,0.384262,0.0638284,0.408228,0.177751,0.367797,0.341904,0.223667,0.350942,0.160833,0.666975,0.182001,0.516093,0.808682,0.329433,0.650189,0.72226,0.0779647,0.597616,0.966483,0.792563,0,"(-1,-1,-1),(-1,-1,-1),(-1,-1,-1),(-1,-1,-1),(-1,-1,-1),(-1,-1,-1),(-1,-1,-1),(-1,-1,-1),(-1,-1,-1),(-1,-1,-1),(-1,-1,-1),(-1,-1,-1),(-1,-1,-1),(-1,-1,-1),(-1,-1,-1),(-1,-1,-1)",0
0.386088,0.504433,0.415705,0.0926543,0.701661,0.898511,0.842289,0.474862,0.903331,0.653825,0.546506,0.296969,0.187918,0.23919,0.663312,0.695899,0.500518,0.593734,0.663522,0.0274499,0.307858,0.980487,0.73363,0.177841,4,"(0.674819,0.538525,0.364514),(0.728872,0.517977,0.538423),(0.66996,0.539909,0.368048),(0.719921,0.520195,0.558628),(0.664641,0.536591,0.371305),(0.708201,0.510595,0.575756),(-1,-1,-1),(-1,-1,-1),(-1,-1,-1),(-1,-1,-1),(-1,-1,-1),(-1,-1,-1),(-1,-1,-1),(-1,-1,-1),(-1,-1,-1),(-1,-1,-1)",1
0.805808,0.194521,0.764195,0.503642,0.312214,0.884978,0.32862,0.484136,0.882562,0.46501,0.0762179,0.872923,0.349285,0.986653,0.248288,0.640441,0.0425006,0.758556,0.796668,0.310833,0.432751,0.395864,0.724622,0.248378,0,"(-1,-1,-1),(-1,-1,-1),(-1,-1,-1),(-1,-1,-1),(-1,-1,-1),(-1,-1,-1),(-1,-1,-1),(-1,-1,-1),(-1,-1,-1),(-1,-1,-1),(-1,-1,-1),(-1,-1,-1),(-1,-1,-1),(-1,-1,-1),(-1,-1,-1),(-1,-1,-1)",0
0.142798,0.379419,0.554442,0.951464,0.0191816,0.234513,0.169833,0.705321,0.814191,0.739998,0.989579,0.845583,0.0998105,0.471659,0.448592,0.038895,0.177481,0.747774,0.929982,0.117786,0.337131,0.161169,0.584962,0.166655,4,"(0.429455,0.251722,0.441033),(0.786347,0.164126,0.356968),(0.302163,0.308427,0.491393),(0.773595,0.17532,0.366425),(0.767747,0.186941,0.358913),(0.812847,0.167717,0.352858),(0.8733,0.152229,0.324563),(0.879761,0.148303,0.325995),(-1,-1,-1),(-1,-1,-1),(-1,-1,-1),(-1,-1,-1),(-1,-1,-1),(-1,-1,-1),(-1,-1,-1),(-1,-1,-1)",1
0.997451,0.285417,0.264182,0.373841,0.184078,0.470702,0.0734781,0.0994049,0.896048,0.488293,0.758245,0.19556,0.112053,0.935314,0.253876,0.720871,0.200789,0.0206985,0.745538,0.252868,0.0437696,0.569117,0.530274,0.296972,4,"(0.569117,0.530274,0.296972),(0.460042,0.616519,0.263475),(0.459361,0.613102,0.265113),(0.440001,0.644693,0.284798),(0.582788,0.508777,0.277351),(0.579262,0.508245,0.278501),(-1,-1,-1),(-1,-1,-1),(-1,-1,-1),(-1,-1,-1),(-1,-1,-1),(-1,-1,-1),(-1,-1,-1),(-1,-1,-1),(-1,-1,-1),(-1,-1,-1)",1
0.239699,0.705478,0.830037,0.161412,0.837872,0.824893,0.568121,0.794654,0.410699,0.671224,0.48697,0.718909,0.204509,0.904271,0.986054,0.423304,0.151202,0.647112,0.719051,0.564585,0.74452,0.58998,0.474798,0.550981,4,"(0.385542,0.683604,0.778299),(0.664299,0.491737,0.720349),(0.354588,0.647302,0.80045),(0.663832,0.490713,0.720813),(0.655054,0.535225,0.670572),(0.665237,0.504837,0.701012),(0.405255,0.68061,0.759476),(0.43484,0.647647,0.726084),(-1,-1,-1),(-1,-1,-1),(-1,-1,-1),(-1,-1,-1),(-1,-1,-1),(-1,-1,-1),(-1,-1,-1),(-1,-1,-1)",1
0.012775,0.157459,0.732185,0.623414,0.899618,0.596946,0.721584,0.293229,0.406101,0.146441,0.931466,0.920537,0.476931,0.420384,0.99605,0.623988,0.223037,0.997971,0.406448,0.48108,0.0684828,0.796773,0.762413,0.816134,4,"(0.568015,0.463645,0.543461),(0.518322,0.518789,0.587908),(0.515342,0.35191,0.533759),(0.44692,0.446228,0.601099),(0.513384,0.354234,0.52539),(0.646408,0.654035,0.528116),(0.445425,0.447515,0.581424),(0.647511,0.65483,0.530228),(-1,-1,-1),(-1,-1,-1),(-1,-1,-1),(-1,-1,-1),(-1,-1,-1),(-1,-1,-1),(-1,-1,-1),(-1,-1,-1)",1
0.465456,0.00653911,0.47406,0.0667567,0.124685,0.187537,0.222731,0.383426,0.214633,0.101916,0.778242,0.443011,0.660632,0.145442,0.267344,0.466149,0.760296,0.0339199,0.907253,0.719081,0.574948,0.0301712,0.911161,0.779512,0,"(-1,-1,-1),(-1,-1,-1),(-1,-1,-1),(-1,-1,-1),(-1,-1,-1),(-1,-1,-1),(-1,-1,-1),(-1,-1,-1),(-1,-1,-1),(-1,-1,-1),(-1,-1,-1),(-1,-1,-1),(-1,-1,-1),(-1,-1,-1),(-1,-1,-1),(-1,-1,-1)",0
0.475075,0.283022,0.482792,0.0582658,0.343208,0.302239,0.928201,0.826849,0.0679187,0.6784,0.199476,0.716794,0.411376,0.543338,0.0618804,0.0689366,0.179153,0.0770936,0.348882,0.937079,0.959473,0.426427,0.884795,0.136265,4,"(0.211008,0.428125,0.261097),(0.156949,0.398071,0.275658),(0.139916,0.371322,0.300818),(0.139335,0.369751,0.298988),(-1,-1,-1),(-1,-1,-1),(-1,-1,-1),(-1,-1,-1),(-1,-1,-1),(-1,-1,-1),(-1,-1,-1),(-1,-1,-1),(-1,-1,-1),(-1,-1,-1),(-1,-1,-1),(-1,-1,-1)",1
0.890215,0.48626,0.949282,0.69479,0.83164,0.0902872,0.109301,0.972819,0.612696,0.695086,0.720358,0.679032,0.336004,0.761004,0.908988,0.00798343,0.994158,0.823731,0.791594,0.171079,0.306212,0.0067376,0.601165,0.067394,0,"(-1,-1,-1),(-1,-1,-1),(-1,-1,-1),(-1,-1,-1),(-1,-1,-1),(-1,-1,-1),(-1,-1,-1),(-1,-1,-1),(-1,-1,-1),(-1,-1,-1),(-1,-1,-1),(-1,-1,-1),(-1,-1,-1),(-1,-1,-1),(-1,-1,-1),(-1,-1,-1)",0
0.932334,0.193761,0.213726,0.679467,0.286244,0.712375,0.861776,0.754109,0.524618,0.577831,0.0545071,0.287918,0.951085,0.717082,0.496718,0.458199,0.796407,0.195968,0.103258,0.677406,0.908055,0.0704666,0.677278,0.985879,4,"(0.847805,0.719685,0.512971),(0.846503,0.714912,0.540348),(0.866071,0.720003,0.505695),(0.847424,0.718747,0.512653),(0.845933,0.71345,0.540935),(0.86616,0.719294,0.505302),(-1,-1,-1),(-1,-1,-1),(-1,-1,-1),(-1,-1,-1),(-1,-1,-1),(-1,-1,-1),(-1,-1,-1),(-1,-1,-1),(-1,-1,-1),(-1,-1,-1)",1
0.349663,0.7916,0.983043,0.694851,0.837083,0.0320407,0.462504,0.0385594,0.652195,0.74258,0.775,0.158279,0.522938,0.263809,0.377557,0.417705,0.548501,0.440741,0.0962678,0.311935,0.708397,0.147314,0.794679,0.883136,0,"(-1,-1,-1),(-1,-1,-1),(-1,-1,-1),(-1,-1,-1),(-1,-1,-1),(-1,-1,-1),(-1,-1,-1),(-1,-1,-1),(-1,-1,-1),(-1,-1,-1),(-1,-1,-1),(-1,-1,-1),(-1,-1,-1),(-1,-1,-1),(-1,-1,-1),(-1,-1,-1)",0
0.714606,0.108108,0.941098,0.974719,0.854566,0.794128,0.872163,0.0504316,0.202207,0.808717,0.49418,0.961434,0.833035,0.112742,0.846768,0.577334,0.921493,0.662035,0.555847,0.79873,0.294299,0.244976,0.546319,0.159581,4,"(0.787649,0.225063,0.756308),(0.790361,0.218353,0.761712),(0.784893,0.265011,0.811987),(0.788489,0.253634,0.814585),(0.767859,0.160796,0.770605),(0.769875,0.15931,0.772961),(-1,-1,-1),(-1,-1,-1),(-1,-1,-1),(-1,-1,-1),(-1,-1,-1),(-1,-1,-1),(-1,-1,-1),(-1,-1,-1),(-1,-1,-1),(-1,-1,-1)",1
0.897417,0.167332,0.180767,0.106267,0.957813,0.791528,0.0917474,0.533334,0.400749,0.107895,0.624863,0.268481,0.351326,0.508914,0.89164,0.764378,0.603117,0.719815,0.719648,0.183487,0.590561,0.579038,0.197384,0.593549,0,"(-1,-1,-1),(-1,-1,-1),(-1,-1,-1),(-1,-1,-1),(-1,-1,-1),(-1,-1,-1),(-1,-1,-1),(-1,-1,-1),(-1,-1,-1),(-1,-1,-1),(-1,-1,-1),(-1,-1,-1),(-1,-1,-1),(-1,-1,-1),(-1,-1,-1),(-1,-1,-1)",0
0.23434,0.682132,0.348794,0.943037,0.635093,0.127815,0.683306,0.503323,0.830702,0.013459,0.788701,0.271069,0.0821912,0.400712,0.743716,0.472271,0.554426,0.144765,0.292966,0.428283,0.96768,0.890773,0.457585,0.0921083,0,"(-1,-1,-1),(-1,-1,-1),(-1,-1,-1),(-1,-1,-1),(-1,-1,-1),(-1,-1,-1),(-1,-1,-1),(-1,-1,-1),(-1,-1,-1),(-1,-1,-1),(-1,-1,-1),(-1,-1,-1),(-1,-1,-1),(-1,-1,-1),(-1,-1,-1),(-1,-1,-1)",0
0.237454,0.278823,0.450084,0.0762971,0.231294,0.758628,0.461596,0.836291,0.256736,0.643895,0.524378,0.287337,0.473775,0.0841949,0.29362,0.78965,0.0835991,0.402549,0.202052,0.484025,0.383905,0.846232,0.121196,0.0752903,0,"(-1,-1,-1),(-1,-1,-1),(-1,-1,-1),(-1,-1,-1),(-1,-1,-1),(-1,-1,-1),(-1,-1,-1),(-1,-1,-1),(-1,-1,-1),(-1,-1,-1),(-1,-1,-1),(-1,-1,-1),(-1,-1,-1),(-1,-1,-1),(-1,-1,-1),(-1,-1,-1)",0
0.866343,0.786082,0.907449,0.598733,0.745904,0.0385637,0.153379,0.548014,0.203093,0.490813,0.128986,0.153094,0.251112,0.000787836,0.449381,0.0627539,0.341003,0.494629,0.999924,0.275642,0.432575,0.866441,0.283681,0.772032,0,"(-1,-1,-1),(-1,-1,-1),(-1,-1,-1),(-1,-1,-1),(-1,-1,-1),(-1,-1,-1),(-1,-1,-1),(-1,-1,-1),(-1,-1,-1),(-1,-1,-1),(-1,-1,-1),(-1,-1,-1),(-1,-1,-1),(-1,-1,-1),(-1,-1,-1),(-1,-1,-1)",0
0.3983,0.23044,0.716028,0.899187,0.917152,0.0130532,0.704862,0.45822,0.847211,0.487796,0.240343,0.509428,0.846988,0.536215,0.434195,0.864365,0.418714,0.50473,0.144736,0.852404,0.76065,0.0637345,0.790025,0.351622,4,"(0.632322,0.52633,0.460356),(0.675648,0.506237,0.468641),(0.685578,0.58852,0.417179),(0.719688,0.577467,0.420775),(0.679238,0.530282,0.570566),(0.700118,0.517699,0.563141),(0.720215,0.593295,0.493128),(0.736806,0.585825,0.485415),(-1,-1,-1),(-1,-1,-1),(-1,-1,-1),(-1,-1,-1),(-1,-1,-1),(-1,-1,-1),(-1,-1,-1),(-1,-1,-1)",1
0.794126,0.458978,0.368485,0.950816,0.443978,0.676138,0.895335,0.981827,0.933885,0.971003,0.136164,0.627836,0.261667,0.306239,0.0283555,0.30052,0.660535,0.290886,0.270182,0.491944,0.262824,0.753176,0.609934,0.678715,0,"(-1,-1,-1),(-1,-1,-1),(-1,-1,-1),(-1,-1,-1),(-1,-1,-1),(-1,-1,-1),(-1,-1,-1),(-1,-1,-1),(-1,-1,-1),(-1,-1,-1),(-1,-1,-1),(-1,-1,-1),(-1,-1,-1),(-1,-1,-1),(-1,-1,-1),(-1,-1,-1)",0
0.160699,0.556909,0.657776,0.997425,0.917208,0.365263,0.986351,0.0609904,0.399997,0.885751,0.68793,0.762593,0.683618,0.521216,0.862626,0.362959,0.055174,0.0825424,0.0605848,0.801381,0.737838,0.270736,0.96884,0.562968,4,"(0.245285,0.593333,0.628205),(0.32903,0.587328,0.682111),(0.414729,0.666296,0.568969),(0.532206,0.624043,0.711483),(0.550625,0.327926,0.539089),(0.549475,0.326255,0.536291),(-1,-1,-1),(-1,-1,-1),(-1,-1,-1),(-1,-1,-1),(-1,-1,-1),(-1,-1,-1),(-1,-1,-1),(-1,-1,-1),(-1,-1,-1),(-1,-1,-1)",1
0.459324,0.443585,0.488674,0.703871,0.0948013,0.883139,0.300826,0.740846,0.22893,0.465362,0.462949,0.0874464,0.0480798,0.59667,0.0666035,0.930809,0.695574,0.27054,0.430201,0.832625,0.319577,0.561319,0.291221,0.676121,4,"(0.459324,0.443585,0.488674),(0.300826,0.740846,0.22893),(0.374726,0.616031,0.165384),(0.541856,0.325874,0.621802),(0.460246,0.446544,0.427357),(0.562556,0.321317,0.653761),(0.573113,0.304128,0.663176),(0.570098,0.300829,0.666485),(-1,-1,-1),(-1,-1,-1),(-1,-1,-1),(-1,-1,-1),(-1,-1,-1),(-1,-1,-1),(-1,-1,-1),(-1,-1,-1)",1
0.000478713,0.214985,0.44741,0.716287,0.563232,0.824429,0.885215,0.59987,0.726687,0.44938,0.617529,0.0598751,0.898807,0.22105,0.865682,0.139234,0.241502,0.174855,0.386986,0.921286,0.965276,0.199957,0.333995,0.829865,4,"(0.169796,0.288642,0.500857),(0.435394,0.404185,0.584696),(0.17518,0.299979,0.539426),(0.526466,0.470882,0.72445),(0.18516,0.367514,0.321376),(0.186219,0.37042,0.324754),(-1,-1,-1),(-1,-1,-1),(-1,-1,-1),(-1,-1,-1),(-1,-1,-1),(-1,-1,-1),(-1,-1,-1),(-1,-1,-1),(-1,-1,-1),(-1,-1,-1)",1
0.500938,0.954111,0.0907094,0.176549,0.578088,0.941454,0.760491,0.172513,0.928267,0.717839,0.96733,0.561032,0.450525,0.604495,0.103991,0.165806,0.120354,0.0407979,0.235441,0.369785,0.596635,0.178395,0.302804,0.0470562,0,"(-1,-1,-1),(-1,-1,-1),(-1,-1,-1),(-1,-1,-1),(-1,-1,-1),(-1,-1,-1),(-1,-1,-1),(-1,-1,-1),(-1,-1,-1),(-1,-1,-1),(-1,-1,-1),(-1,-1,-1),(-1,-1,-1),(-1,-1,-1),(-1,-1,-1),(-1,-1,-1)",0
0.558335,0.852764,0.721155,0.0527689,0.971662,0.208317,0.7139,0.647287,0.203259,0.996585,0.957906,0.383104,0.625646,0.61392,0.148246,0.037109,0.842727,0.948944,0.64133,0.225102,0.146841,0.92702,0.252811,0.816904,0,"(-1,-1,-1),(-1,-1,-1),(-1,-1,-1),(-1,-1,-1),(-1,-1,-1),(-1,-1,-1),(-1,-1,-1),(-1,-1,-1),(-1,-1,-1),(-1,-1,-1),(-1,-1,-1),(-1,-1,-1),(-1,-1,-1),(-1,-1,-1),(-1,-1,-1),(-1,-1,-1)",0
0.321092,0.578977,0.815232,0.18372,0.453799,0.536776,0.123549,0.487721,0.333694,0.0357125,0.189064,0.578232,0.0584924,0.949896,0.198713,0.828592,0.294669,0.727389,0.542993,0.250267,0.767527,0.64852,0.678134,0.101456,0,"(-1,-1,-1),(-1,-1,-1),(-1,-1,-1),(-1,-1,-1),(-1,-1,-1),(-1,-1,-1),(-1,-1,-1),(-1,-1,-1),(-1,-1,-1),(-1,-1,-1),(-1,-1,-1),(-1,-1,-1),(-1,-1,-1),(-1,-1,-1),(-1,-1,-1),(-1,-1,-1)",0
0.898247,0.884,0.263569,0.690007,0.414494,0.859912,0.941635,0.206651,0.385029,0.379009,0.671143,0.844242,0.623751,0.439758,0.698553,0.619935,0.197618,0.326988,0.949622,0.756063,0.794365,0.114844,0.890358,0.0562563,4,"(0.65015,0.782295,0.541019),(0.604812,0.484725,0.659942),(0.658346,0.785655,0.531854),(0.781247,0.620207,0.598625),(0.683043,0.420139,0.596091),(0.744551,0.537471,0.703712),(0.71941,0.532608,0.726678),(0.755997,0.428088,0.519875),(0.640096,0.455623,0.703358),(0.803251,0.50813,0.586864),(-1,-1,-1),(-1,-1,-1),(-1,-1,-1),(-1,-1,-1),(-1,-1,-1),(-1,-1,-1)",1
0.664039,0.471,0.169801,0.878419,0.462705,0.53105,0.689685,0.326004,0.582787,0.52687,0.109423,0.50234,0.953139,0.909081,0.29158,0.776225,0.0998893,0.461072,0.316289,0.245542,0.758512,0.623002,0.576607,0.0422959,4,"(0.664039,0.471,0.169801),(0.59198,0.196033,0.534511),(0.61453,0.197515,0.509499),(0.640598,0.409211,0.226628),(0.626746,0.24228,0.551689),(0.679989,0.263296,0.514845),(0.809797,0.46536,0.415417),(0.684908,0.353015,0.505853),(-1,-1,-1),(-1,-1,-1),(-1,-1,-1),(-1,-1,-1),(-1,-1,-1),(-1,-1,-1),(-1,-1,-1),(-1,-1,-1)",1
0.0662518,0.144744,0.135158,0.958265,0.405568,0.685641,0.140457,0.574818,0.142666,0.948461,0.224821,0.720554,0.655188,0.95008,0.631023,0.551971,0.280175,0.620678,0.428677,0.828856,0.763325,0.817918,0.811414,0.339369,0,"(-1,-1,-1),(-1,-1,-1),(-1,-1,-1),(-1,-1,-1),(-1,-1,-1),(-1,-1,-1),(-1,-1,-1),(-1,-1,-1),(-1,-1,-1),(-1,-1,-1),(-1,-1,-1),(-1,-1,-1),(-1,-1,-1),(-1,-1,-1),(-1,-1,-1),(-1,-1,-1)",0
0.845127,0.227338,0.730269,0.79966,0.185699,0.382683,0.276192,0.617423,0.581087,0.020976,0.424688,0.454061,0.547841,0.230709,0.288149,0.660511,0.803863,0.854685,0.567387,0.0895039,0.921752,0.572,0.774224,0.022729,4,"(0.568019,0.293694,0.637398),(0.577665,0.291384,0.640631),(0.555194,0.260729,0.405092),(0.558906,0.25959,0.404752),(0.59385,0.399625,0.664381),(0.585263,0.405512,0.662129),(0.566073,0.378347,0.471217),(0.577577,0.368859,0.466857),(0.568836,0.304498,0.63947),(0.569401,0.38846,0.529228),(-1,-1,-1),(-1,-1,-1),(-1,-1,-1),(-1,-1,-1),(-1,-1,-1),(-1,-1,-1)",1
0.711289,0.159673,0.223875,0.59359,0.45146,0.980036,0.121709,0.0617898,0.455976,0.564668,0.0369269,0.109727,0.151966,0.782182,0.0496737,0.315615,0.677107,0.95129,0.152349,0.525524,0.26954,0.0613007,0.495577,0.735436,0,"(-1,-1,-1),(-1,-1,-1),(-1,-1,-1),(-1,-1,-1),(-1,-1,-1),(-1,-1,-1),(-1,-1,-1),(-1,-1,-1),(-1,-1,-1),(-1,-1,-1),(-1,-1,-1),(-1,-1,-1),(-1,-1,-1),(-1,-1,-1),(-1,-1,-1),(-1,-1,-1)",0
0.516457,0.111536,0.600023,0.622209,0.936078,0.304364,0.153337,0.174735,0.754166,0.201887,0.813831,0.197003,0.976179,0.965307,0.0266478,0.335092,0.591394,0.873082,0.0922774,0.850251,0.632849,0.597065,0.120142,0.578036,4,"(0.471779,0.691815,0.448675),(0.563225,0.476182,0.46927),(0.590007,0.88379,0.335256),(0.615422,0.883161,0.323338),(0.575956,0.913211,0.30113),(0.580679,0.913825,0.297892),(-1,-1,-1),(-1,-1,-1),(-1,-1,-1),(-1,-1,-1),(-1,-1,-1),(-1,-1,-1),(-1,-1,-1),(-1,-1,-1),(-1,-1,-1),(-1,-1,-1)",1
0.779836,0.29544,0.450983,0.415237,0.666209,0.751672,0.181018,0.626254,0.25219,0.296691,0.498938,0.201008,0.749309,0.547502,0.225059,0.197984,0.142999,0.482568,0.682286,0.317162,0.336118,0.659172,0.433488,0.0452364,0,"(-1,-1,-1),(-1,-1,-1),(-1,-1,-1),(-1,-1,-1),(-1,-1,-1),(-1,-1,-1),(-1,-1,-1),(-1,-1,-1),(-1,-1,-1),(-1,-1,-1),(-1,-1,-1),(-1,-1,-1),(-1,-1,-1),(-1,-1,-1),(-1,-1,-1),(-1,-1,-1)",0
0.105924,0.520014,0.48258,0.354423,0.209019,0.49834,0.89092,0.699443,0.131304,0.728656,0.930876,0.605988,0.726559,0.522537,0.549679,0.467414,0.647032,0.748287,0.104688,0.831969,0.386994,0.934421,0.752066,0.865991,4,"(0.455227,0.750474,0.551802),(0.587223,0.658065,0.565304),(0.373804,0.696754,0.535666),(0.559588,0.604761,0.557355),(0.418464,0.675839,0.46908),(0.582297,0.594319,0.511939),(-1,-1,-1),(-1,-1,-1),(-1,-1,-1),(-1,-1,-1),(-1,-1,-1),(-1,-1,-1),(-1,-1,-1),(-1,-1,-1),(-1,-1,-1),(-1,-1,-1)",1
0.546055,0.328391,0.111734,0.292945,0.699095,0.515238,0.619684,0.73554,0.925454,0.220347,0.432572,0.408462,0.508936,0.973996,0.627722,0.730432,0.744904,0.743748,0.393658,0.932494,0.869849,0.987799,0.722143,0.748918,0,"(-1,-1,-1),(-1,-1,-1),(-1,-1,-1),(-1,-1,-1),(-1,-1,-1),(-1,-1,-1),(-1,-1,-1),(-1,-1,-1),(-1,-1,-1),(-1,-1,-1),(-1,-1,-1),(-1,-1,-1),(-1,-1,-1),(-1,-1,-1),(-1,-1,-1),(-1,-1,-1)",0
0.316397,0.845347,0.972982,0.980243,0.262457,0.0589866,0.409002,0.135317,0.522486,0.372459,0.102393,0.589287,0.472696,0.42115,0.347661,0.164199,0.92689,0.842231,0.123864,0.752988,0.717916,0.488825,0.113466,0.399225,0,"(-1,-1,-1),(-1,-1,-1),(-1,-1,-1),(-1,-1,-1),(-1,-1,-1),(-1,-1,-1),(-1,-1,-1),(-1,-1,-1),(-1,-1,-1),(-1,-1,-1),(-1,-1,-1),(-1,-1,-1),(-1,-1,-1),(-1,-1,-1),(-1,-1,-1),(-1,-1,-1)",0
0.489168,0.203993,0.0813574,0.0251615,0.674678,0.764572,0.960473,0.00860647,0.424263,0.963984,0.0856496,0.862455,0.906561,0.69238,0.611118,0.0146119,0.858059,0.570079,0.0763411,0.844447,0.816272,0.677749,0.327251,0.756344,0,"(-1,-1,-1),(-1,-1,-1),(-1,-1,-1),(-1,-1,-1),(-1,-1,-1),(-1,-1,-1),(-1,-1,-1),(-1,-1,-1),(-1,-1,-1),(-1,-1,-1),(-1,-1,-1),(-1,-1,-1),(-1,-1,-1),(-1,-1,-1),(-1,-1,-1),(-1,-1,-1)",0
0.321727,0.138682,0.923478,0.791423,0.653599,0.382522,0.775753,0.552984,0.800443,0.446804,0.96061,0.585866,0.299185,0.446472,0.491978,0.668986,0.00620062,0.609395,0.721771,0.196124,0.513879,0.987843,0.0655777,0.203197,0,"(-1,-1,-1),(-1,-1,-1),(-1,-1,-1),(-1,-1,-1),(-1,-1,-1),(-1,-1,-1),(-1,-1,-1),(-1,-1,-1),(-1,-1,-1),(-1,-1,-1),(-1,-1,-1),(-1,-1,-1),(-1,-1,-1),(-1,-1,-1),(-1,-1,-1),(-1,-1,-1)",0
0.779783,0.0153196,0.866801,0.999312,0.0943338,0.59151,0.525779,0.450631,0.0435351,0.904955,0.022557,0.00543312,0.907823,0.00607074,0.786986,0.618654,0.52447,0.43818,0.542025,0.995779,0.0926455,0.440198,0.430624,0.518581,0,"(-1,-1,-1),(-1,-1,-1),(-1,-1,-1),(-1,-1,-1),(-1,-1,-1),(-1,-1,-1),(-1,-1,-1),(-1,-1,-1),(-1,-1,-1),(-1,-1,-1),(-1,-1,-1),(-1,-1,-1),(-1,-1,-1),(-1,-1,-1),(-1,-1,-1),(-1,-1,-1)",0
0.546311,0.223626,0.988954,0.906115,0.805275,0.173703,0.545412,0.999177,0.549444,0.0583538,0.492586,0.00873455,0.771362,0.180259,0.825809,0.440359,0.639342,0.0617115,0.985218,0.57739,0.554914,0.596404,0.637161,0.583347,4,"(0.596404,0.637161,0.583347),(0.781622,0.604024,0.455781),(0.447858,0.636252,0.0845296),(0.453515,0.638338,0.0856304),(0.679338,0.438674,0.687538),(0.674015,0.434479,0.690903),(0.448355,0.639231,0.0884398),(0.683305,0.623802,0.576992),(-1,-1,-1),(-1,-1,-1),(-1,-1,-1),(-1,-1,-1),(-1,-1,-1),(-1,-1,-1),(-1,-1,-1),(-1,-1,-1)",1
0.386879,0.477934,0.73471,0.75521,0.898483,0.165394,0.296112,0.337816,0.308063,0.169125,0.514767,0.28812,0.706893,0.234675,0.386129,0.977082,0.936052,0.223577,0.217704,0.634893,0.248017,0.492178,0.530548,0.309123,4,"(0.279193,0.58683,0.265072),(0.281683,0.58846,0.26455),(0.279611,0.584245,0.265495),(0.617701,0.793527,0.235144),(0.305932,0.601352,0.267659),(0.690378,0.82235,0.232805),(0.461183,0.542331,0.302223),(0.409405,0.478058,0.30214),(-1,-1,-1),(-1,-1,-1),(-1,-1,-1),(-1,-1,-1),(-1,-1,-1),(-1,-1,-1),(-1,-1,-1),(-1,-1,-1)",1
0.164934,0.163958,0.707572,0.719873,0.926366,0.389353,0.679307,0.994242,0.592584,0.955708,0.235947,0.255495,0.548687,0.117785,0.630606,0.169436,0.919044,0.388075,0.798341,0.129172,0.345542,0.0814483,0.204988,0.93504,4,"(0.269116,0.332125,0.684282),(0.31247,0.366652,0.62297),(0.281216,0.351657,0.681577),(0.334071,0.396328,0.610584),(0.638816,0.207098,0.436659),(0.672907,0.210202,0.417169),(0.454827,0.316086,0.570583),(0.430899,0.366641,0.55528),(-1,-1,-1),(-1,-1,-1),(-1,-1,-1),(-1,-1,-1),(-1,-1,-1),(-1,-1,-1),(-1,-1,-1),(-1,-1,-1)",1
0.0671862,0.428514,0.39611,0.822692,0.138759,0.0380799,0.2169,0.0609927,0.58405,0.835769,0.28689,0.212194,0.951941,0.470871,0.147578,0.478033,0.0540814,0.657765,0.956029,0.382902,0.0496315,0.295602,0.213118,0.733452,0,"(-1,-1,-1),(-1,-1,-1),(-1,-1,-1),(-1,-1,-1),(-1,-1,-1),(-1,-1,-1),(-1,-1,-1),(-1,-1,-1),(-1,-1,-1),(-1,-1,-1),(-1,-1,-1),(-1,-1,-1),(-1,-1,-1),(-1,-1,-1),(-1,-1,-1),(-1,-1,-1)",0
0.709612,0.237506,0.72211,0.285194,0.860498,0.708556,0.342917,0.611487,0.15925,0.00349592,0.60162,0.157191,0.490869,0.836977,0.436185,0.545227,0.171491,0.630791,0.300935,0.643964,0.56717,0.866544,0.148013,0.279892,4,"(0.501044,0.345055,0.555248),(0.534953,0.327569,0.582377),(0.54068,0.409794,0.462808),(0.576724,0.373034,0.518134),(0.314844,0.631769,0.560106),(0.306123,0.649236,0.563592),(0.532006,0.333353,0.583458),(0.501928,0.467725,0.465084),(0.356929,0.700865,0.528555),(0.521423,0.462914,0.545571),(-1,-1,-1),(-1,-1,-1),(-1,-1,-1),(-1,-1,-1),(-1,-1,-1),(-1,-1,-1)",1
0.748661,0.124563,0.978252,0.454581,0.959302,0.489286,0.371552,0.48662,0.305453,0.000188936,0.723722,0.21557,0.53171,0.840523,0.529103,0.671399,0.626636,0.0121335,0.542984,0.903058,0.444885,0.574922,0.762503,0.77552,0,"(-1,-1,-1),(-1,-1,-1),(-1,-1,-1),(-1,-1,-1),(-1,-1,-1),(-1,-1,-1),(-1,-1,-1),(-1,-1,-1),(-1,-1,-1),(-1,-1,-1),(-1,-1,-1),(-1,-1,-1),(-1,-1,-1),(-1,-1,-1),(-1,-1,-1),(-1,-1,-1)",0
0.420136,0.818528,0.997443,0.865682,0.687259,0.369381,0.121941,0.321977,0.70452,0.559112,0.554063,0.986533,0.455934,0.934469,0.892402,0.826453,0.974051,0.571316,0.128099,0.974755,0.724408,0.566293,0.268222,0.462061,4,"(0.453229,0.484686,0.555237),(0.503444,0.509349,0.53261),(0.524054,0.523223,0.626771),(0.689773,0.60323,0.513917),(0.502175,0.655308,0.712087),(0.723651,0.695143,0.528144),(-1,-1,-1),(-1,-1,-1),(-1,-1,-1),(-1,-1,-1),(-1,-1,-1),(-1,-1,-1),(-1,-1,-1),(-1,-1,-1),(-1,-1,-1),(-1,-1,-1)",1
0.0697903,0.372558,0.264108,0.126067,0.836435,0.377133,0.688767,0.643773,0.951855,0.596409,0.893762,0.146357,0.247402,0.605878,0.282047,0.281465,0.115784,0.786108,0.633362,0.79362,0.598048,0.828246,0.0281052,0.939757,4,"(0.247402,0.605878,0.282047),(0.256274,0.478225,0.413338),(0.304532,0.54905,0.346737),(0.567333,0.666433,0.633335),(0.646373,0.742512,0.620862),(0.581686,0.768483,0.555739),(0.611242,0.751012,0.609869),(0.645149,0.74732,0.618715),(-1,-1,-1),(-1,-1,-1),(-1,-1,-1),(-1,-1,-1),(-1,-1,-1),(-1,-1,-1),(-1,-1,-1),(-1,-1,-1)",1
0.22506,0.820953,0.139653,0.160914,0.150119,0.461945,0.450336,0.0383662,0.642186,0.279449,0.129439,0.396616,0.239483,0.693402,0.870382,0.528405,0.932339,0.227636,0.286653,0.538165,0.809503,0.840378,0.521095,0.188112,0,"(-1,-1,-1),(-1,-1,-1),(-1,-1,-1),(-1,-1,-1),(-1,-1,-1),(-1,-1,-1),(-1,-1,-1),(-1,-1,-1),(-1,-1,-1),(-1,-1,-1),(-1,-1,-1),(-1,-1,-1),(-1,-1,-1),(-1,-1,-1),(-1,-1,-1),(-1,-1,-1)",0
0.0864346,0.761856,0.429963,0.921602,0.275899,0.208717,0.102057,0.79571,0.164578,0.132281,0.994666,0.321594,0.944093,0.70168,0.683444,0.957649,0.296207,0.426847,0.0945021,0.575281,0.950977,0.796781,0.216583,0.29719,0,"(-1,-1,-1),(-1,-1,-1),(-1,-1,-1),(-1,-1,-1),(-1,-1,-1),(-1,-1,-1),(-1,-1,-1),(-1,-1,-1),(-1,-1,-1),(-1,-1,-1),(-1,-1,-1),(-1,-1,-1),(-1,-1,-1),(-1,-1,-1),(-1,-1,-1),(-1,-1,-1)",0
0.489831,0.604811,0.172235,0.948136,0.235303,0.0177,0.293308,0.0413538,0.50314,0.134966,0.522212,0.911203,0.35433,0.697814,0.211273,0.783461,0.103338,0.615615,0.773813,0.316422,0.0591296,0.657098,0.848686,0.344041,4,"(0.486844,0.604116,0.178457),(0.487791,0.598963,0.17567),(0.479546,0.575323,0.189553),(0.435283,0.592114,0.285826),(0.651656,0.33991,0.343469),(0.768563,0.298662,0.215013),(0.464948,0.544576,0.3155),(0.75988,0.379961,0.0931411),(0.434458,0.586813,0.286771),(0.776088,0.266188,0.190321),(0.762568,0.367706,0.0865808),(0.774593,0.299209,0.104082),(-1,-1,-1),(-1,-1,-1),(-1,-1,-1),(-1,-1,-1)",1
0.407931,0.531739,0.761593,0.180397,0.416905,0.395553,0.329437,0.204624,0.637762,0.739349,0.0761012,0.416865,0.925909,0.544052,0.968397,0.946932,0.536996,0.357833,0.988759,0.894215,0.507028,0.607418,0.526715,0.494266,0,"(-1,-1,-1),(-1,-1,-1),(-1,-1,-1),(-1,-1,-1),(-1,-1,-1),(-1,-1,-1),(-1,-1,-1),(-1,-1,-1),(-1,-1,-1),(-1,-1,-1),(-1,-1,-1),(-1,-1,-1),(-1,-1,-1),(-1,-1,-1),(-1,-1,-1),(-1,-1,-1)",0
0.918795,0.498203,0.374856,0.136839,0.475817,0.484755,0.378208,0.722369,0.280822,0.658433,0.720634,0.837681,0.599758,0.858478,0.790486,0.183828,0.201297,0.676667,0.293578,0.104267,0.127736,0.30623,0.158258,0.273052,4,"(0.472231,0.633237,0.711691),(0.469737,0.632067,0.710003),(0.457553,0.508186,0.482673),(0.472403,0.55467,0.565984),(0.535561,0.700343,0.651527),(0.529349,0.690516,0.666369),(-1,-1,-1),(-1,-1,-1),(-1,-1,-1),(-1,-1,-1),(-1,-1,-1),(-1,-1,-1),(-1,-1,-1),(-1,-1,-1),(-1,-1,-1),(-1,-1,-1)",1
0.274175,0.848901,0.0794829,0.0216239,0.242193,0.908744,0.691274,0.148156,0.671123,0.189814,0.145481,0.682865,0.72917,0.201992,0.755678,0.121577,0.0283316,0.843709,0.675174,0.311869,0.787398,0.55333,0.795061,0.0329808,4,"(0.386813,0.190911,0.779159),(0.492797,0.176028,0.741551),(0.462994,0.531677,0.347315),(0.497529,0.473657,0.396302),(0.193819,0.156622,0.708056),(0.29628,0.338578,0.515659),(-1,-1,-1),(-1,-1,-1),(-1,-1,-1),(-1,-1,-1),(-1,-1,-1),(-1,-1,-1),(-1,-1,-1),(-1,-1,-1),(-1,-1,-1),(-1,-1,-1)",1
0.247785,0.337159,0.0401499,0.482354,0.804848,0.429091,0.516314,0.326071,0.975472,0.705709,0.921585,0.723777,0.619605,0.565012,0.815399,0.165135,0.973122,0.524094,0.676301,0.996893,0.25168,0.751062,0.739463,0.947681,4,"(0.622913,0.661251,0.833808),(0.620731,0.877171,0.611661),(0.671516,0.814072,0.769217),(0.545129,0.837658,0.511915),(0.656289,0.858512,0.649999),(0.595286,0.780658,0.558929),(0.582744,0.598113,0.791772),(0.567788,0.611543,0.782186),(-1,-1,-1),(-1,-1,-1),(-1,-1,-1),(-1,-1,-1),(-1,-1,-1),(-1,-1,-1),(-1,-1,-1),(-1,-1,-1)",1
0.335403,0.522753,0.853559,0.620404,0.343333,0.798705,0.634243,0.996278,0.521116,0.782952,0.0120348,0.235044,0.577715,0.271317,0.509521,0.0457227,0.464767,0.468707,0.760822,0.302573,0.159106,0.727406,0.570396,0.380904,4,"(0.709223,0.500014,0.376876),(0.701823,0.548992,0.391111),(0.632538,0.380852,0.462416),(0.70138,0.518396,0.403267),(-1,-1,-1),(-1,-1,-1),(-1,-1,-1),(-1,-1,-1),(-1,-1,-1),(-1,-1,-1),(-1,-1,-1),(-1,-1,-1),(-1,-1,-1),(-1,-1,-1),(-1,-1,-1),(-1,-1,-1)",1
0.614025,0.675718,0.25401,0.454516,0.0327695,0.551519,0.80846,0.126255,0.598883,0.255872,0.205248,0.729135,0.898398,0.929119,0.524485,0.239431,0.379983,0.410434,0.856919,0.365006,0.228366,0.159446,0.663026,0.219867,4,"(0.579603,0.630501,0.299674),(0.59555,0.601249,0.288468),(0.639705,0.60315,0.299557),(0.493521,0.517424,0.41387),(0.557905,0.449509,0.358682),(0.673041,0.508943,0.358687),(-1,-1,-1),(-1,-1,-1),(-1,-1,-1),(-1,-1,-1),(-1,-1,-1),(-1,-1,-1),(-1,-1,-1),(-1,-1,-1),(-1,-1,-1),(-1,-1,-1)",1
0.14639,0.43587,0.23791,0.35569,0.440483,0.294304,0.879371,0.407127,0.937216,0.25331,0.474695,0.412384,0.0946528,0.0409053,0.330583,0.0144528,0.946837,0.255993,0.882289,0.330067,0.483839,0.973378,0.284889,0.719689,4,"(0.270545,0.468936,0.392505),(0.53492,0.429067,0.514341),(0.306904,0.456786,0.350571),(0.423206,0.436183,0.377192),(0.22987,0.466184,0.374134),(0.346344,0.428029,0.428678),(0.201387,0.455841,0.327656),(0.254082,0.431647,0.340655),(-1,-1,-1),(-1,-1,-1),(-1,-1,-1),(-1,-1,-1),(-1,-1,-1),(-1,-1,-1),(-1,-1,-1),(-1,-1,-1)",1
0.740051,0.568581,0.0548446,0.00753139,0.271953,0.360201,0.777484,0.718772,0.151386,0.028081,0.200074,0.532836,0.894756,0.333795,0.70584,0.636217,0.471849,0.0681534,0.517306,0.813093,0.284602,0.70371,0.953907,0.582552,4,"(0.616268,0.625215,0.195108),(0.598337,0.61481,0.199971),(0.643293,0.625892,0.21969),(0.613525,0.605288,0.234842),(0.623399,0.521344,0.103472),(0.620937,0.520347,0.104498),(0.631778,0.512541,0.127535),(0.64338,0.518545,0.119746),(0.642818,0.518991,0.118459),(0.643921,0.526868,0.126864),(-1,-1,-1),(-1,-1,-1),(-1,-1,-1),(-1,-1,-1),(-1,-1,-1),(-1,-1,-1)",1
0.636775,0.216934,0.505949,0.201127,0.105813,0.446242,0.362135,0.950399,0.520035,0.103046,0.70926,0.451439,0.0947243,0.791084,0.619029,0.248934,0.112701,0.705301,0.547762,0.124045,0.286878,0.869479,0.439987,0.390663,4,"(0.32278,0.506572,0.473881),(0.533545,0.492625,0.511243),(0.402112,0.157079,0.473788),(0.581361,0.268049,0.500289),(0.478709,0.176616,0.484285),(0.608108,0.293494,0.507419),(0.464375,0.623569,0.510071),(0.461119,0.625044,0.511031),(0.297708,0.492216,0.470208),(0.281161,0.516579,0.48234),(-1,-1,-1),(-1,-1,-1),(-1,-1,-1),(-1,-1,-1),(-1,-1,-1),(-1,-1,-1)",1
0.31838,0.0786804,0.577277,0.247107,0.88362,0.0886097,0.72047,0.365036,0.332783,0.942472,0.718508,0.647967,0.261282,0.753356,0.703076,0.160093,0.0916788,0.326042,0.748219,0.867012,0.158396,0.969265,0.581901,0.126416,4,"(0.29428,0.350855,0.412043),(0.620944,0.47407,0.281445),(0.290654,0.391812,0.387179),(0.567906,0.807447,0.346663),(0.523124,0.581235,0.230986),(0.583075,0.803845,0.358865),(0.590361,0.673661,0.435038),(0.660546,0.656665,0.377871),(-1,-1,-1),(-1,-1,-1),(-1,-1,-1),(-1,-1,-1),(-1,-1,-1),(-1,-1,-1),(-1,-1,-1),(-1,-1,-1)",1
0.0692563,0.933516,0.616507,0.979986,0.389834,0.529538,0.38258,0.716881,0.788,0.0107393,0.960307,0.971706,0.531521,0.313996,0.402724,0.681209,0.761556,0.276175,0.520199,0.527801,0.89532,0.709471,0.974979,0.346104,4,"(0.570849,0.630641,0.716186),(0.573525,0.629066,0.714965),(0.589064,0.623204,0.566869),(0.596128,0.618987,0.566194),(0.568045,0.615349,0.707761),(0.572113,0.613122,0.706001),(0.585976,0.623296,0.642384),(0.579768,0.614284,0.666255),(-1,-1,-1),(-1,-1,-1),(-1,-1,-1),(-1,-1,-1),(-1,-1,-1),(-1,-1,-1),(-1,-1,-1),(-1,-1,-1)",1
0.233644,0.912003,0.0357396,0.240962,0.770939,0.698746,0.823733,0.569733,0.998945,0.70247,0.593954,0.264321,0.350154,0.559106,0.826547,0.323599,0.795979,0.153647,0.336299,0.386972,0.968415,0.561776,0.562655,0.625334,0,"(-1,-1,-1),(-1,-1,-1),(-1,-1,-1),(-1,-1,-1),(-1,-1,-1),(-1,-1,-1),(-1,-1,-1),(-1,-1,-1),(-1,-1,-1),(-1,-1,-1),(-1,-1,-1),(-1,-1,-1),(-1,-1,-1),(-1,-1,-1),(-1,-1,-1),(-1,-1,-1)",0
0.247345,0.832028,0.89131,0.35527,0.299828,0.669946,0.633428,0.722723,0.0893046,0.219025,0.893319,0.0184311,0.923763,0.9958,0.373491,0.0122543,0.480524,0.0941767,0.472036,0.53808,0.244825,0.695901,0.236206,0.164775,4,"(0.555487,0.744789,0.25121),(0.567676,0.622757,0.226558),(0.550746,0.746131,0.261058),(0.550873,0.59721,0.261635),(0.51145,0.762719,0.247145),(0.380911,0.688926,0.207144),(0.534068,0.600935,0.262493),(0.548441,0.615499,0.266587),(-1,-1,-1),(-1,-1,-1),(-1,-1,-1),(-1,-1,-1),(-1,-1,-1),(-1,-1,-1),(-1,-1,-1),(-1,-1,-1)",1
0.508907,0.832019,0.653451,0.4688,0.0926018,0.0594632,0.833545,0.326309,0.6258,0.0258326,0.199441,0.990337,0.453647,0.775527,0.337882,0.0638734,0.628446,0.536086,0.531607,0.952018,0.695317,0.752707,0.712068,0.934145,4,"(0.508907,0.832019,0.653451),(0.409565,0.701932,0.72273),(0.572441,0.733048,0.64804),(0.503525,0.732803,0.573749),(0.391844,0.668261,0.725612),(0.403308,0.669652,0.732237),(-1,-1,-1),(-1,-1,-1),(-1,-1,-1),(-1,-1,-1),(-1,-1,-1),(-1,-1,-1),(-1,-1,-1),(-1,-1,-1),(-1,-1,-1),(-1,-1,-1)",1
0.984415,0.402211,0.034312,0.676078,0.329613,0.40915,0.0241488,0.167044,0.745854,0.0533892,0.212508,0.658947,0.834865,0.0505407,0.924401,0.976871,0.0367322,0.907394,0.891918,0.408214,0.304089,0.810414,0.214889,0.440332,0,"(-1,-1,-1),(-1,-1,-1),(-1,-1,-1),(-1,-1,-1),(-1,-1,-1),(-1,-1,-1),(-1,-1,-1),(-1,-1,-1),(-1,-1,-1),(-1,-1,-1),(-1,-1,-1),(-1,-1,-1),(-1,-1,-1),(-1,-1,-1),(-1,-1,-1),(-1,-1,-1)",0
0.112875,0.756057,0.892231,0.657841,0.721086,0.639755,0.325542,0.713837,0.292418,0.301785,0.378454,0.115355,0.478795,0.0017953,0.425783,0.601694,0.633428,0.831596,0.401164,0.712104,0.349179,0.253112,0.847034,0.132337,4,"(0.408813,0.715653,0.379458),(0.357069,0.714525,0.325372),(0.505246,0.69253,0.63812),(0.354586,0.466991,0.264279),(0.504801,0.671443,0.598499),(0.420612,0.534158,0.36837),(0.327136,0.569796,0.228587),(0.414559,0.706848,0.381404),(0.40621,0.665931,0.354159),(0.455598,0.722953,0.538526),(-1,-1,-1),(-1,-1,-1),(-1,-1,-1),(-1,-1,-1),(-1,-1,-1),(-1,-1,-1)",1
